id,vote_event_id,option,voter_name,voter_id,note
29bd8654-67dd-4792-b25f-944feff13b05,ocd-vote/a5a38c48-675e-4dc9-bb67-c06337a2bce8,yes,CAMPOS,ocd-person/e2f7dd70-36fc-4b65-8dfd-19fcc1d63e38,
817a1f47-8bbc-4869-9b85-787881790b8c,ocd-vote/a5a38c48-675e-4dc9-bb67-c06337a2bce8,yes,CERVANTES,ocd-person/14f0186e-bf9b-46aa-aa00-1ccc8f58490b,
85ebe6ed-ff1d-41c2-b557-7d15c46d43bc,ocd-vote/a5a38c48-675e-4dc9-bb67-c06337a2bce8,yes,DUHIGG,ocd-person/cce76180-bf09-413a-9d9d-1cc8ae7cf2db,
8351dd35-d95a-4783-b770-82a174c556c3,ocd-vote/a5a38c48-675e-4dc9-bb67-c06337a2bce8,yes,GONZALES,ocd-person/5e9a828c-3dfb-4f88-8dfe-f8fccf11ef78,
f85c4408-3e3a-4c04-a64f-60df6c922c4d,ocd-vote/a5a38c48-675e-4dc9-bb67-c06337a2bce8,yes,HAMBLEN,ocd-person/83df260f-2110-4d39-8e19-6a2edc33491d,
56bc73e4-6871-48d5-a538-77ecaf92014b,ocd-vote/a5a38c48-675e-4dc9-bb67-c06337a2bce8,yes,HICKEY,ocd-person/88fd357f-3fb1-4c2b-b49b-555231011c46,
26460cc4-f457-431c-9d48-4501f51a55f9,ocd-vote/a5a38c48-675e-4dc9-bb67-c06337a2bce8,yes,IVEY-SOTO,ocd-person/4fcfad95-7efe-4bea-93d0-026d28382c3d,
5ad68211-660c-4d95-8dc3-1522a5631ce2,ocd-vote/a5a38c48-675e-4dc9-bb67-c06337a2bce8,yes,JARAMILLO,ocd-person/9b0d6912-d333-4ae7-b626-ce643099a43d,
2a61c927-b087-40f7-a7e0-2c928930beac,ocd-vote/a5a38c48-675e-4dc9-bb67-c06337a2bce8,yes,LOPEZ,,
0a40ecb0-1bcd-4a70-b585-0ce67fe7feb9,ocd-vote/a5a38c48-675e-4dc9-bb67-c06337a2bce8,yes,MAESTAS,ocd-person/2913173a-2bfe-4474-8bdc-d145f868c4de,
fb515a3b-8b47-4a1a-a6ad-69996581ec67,ocd-vote/a5a38c48-675e-4dc9-bb67-c06337a2bce8,yes,McKENNA,ocd-person/a30f836f-c05d-47d6-9566-29830f7cb4cc,
4ac9bd0b-4479-428d-9ee7-9834dc1f189c,ocd-vote/a5a38c48-675e-4dc9-bb67-c06337a2bce8,yes,MUÑOZ,,
73af072c-f264-4b90-9f81-0a03710d08e6,ocd-vote/a5a38c48-675e-4dc9-bb67-c06337a2bce8,yes,O'NEILL,ocd-person/f6772233-67ef-4094-9713-bdf4ddd96a5f,
6aa8b64a-f282-4eb2-89cd-9e92ca3f4f00,ocd-vote/a5a38c48-675e-4dc9-bb67-c06337a2bce8,yes,ORTIZ y PINO,ocd-person/f2ef9d8b-fed9-43d3-a1e3-ac5a20d59265,
f20504a7-59a3-4a7f-a74a-806d9b45e4f4,ocd-vote/a5a38c48-675e-4dc9-bb67-c06337a2bce8,yes,PADILLA,ocd-person/ce888eff-62f5-41c0-9114-651c43f77aba,
654b9c55-c157-471a-a496-30f1cc9216f6,ocd-vote/a5a38c48-675e-4dc9-bb67-c06337a2bce8,yes,PINTO,ocd-person/fa98430a-5031-4c64-bd6d-8a6f0cc4043e,
c64bb6ac-2323-4203-a34d-58a75a016ddb,ocd-vote/a5a38c48-675e-4dc9-bb67-c06337a2bce8,yes,POPE,ocd-person/713e2881-4ecb-4d66-9bd3-6422c898df91,
db77d6ff-cacb-45db-8084-08b7812c1c56,ocd-vote/a5a38c48-675e-4dc9-bb67-c06337a2bce8,yes,RODRIGUEZ,ocd-person/24a1452c-8cf1-4d5e-a49e-fb9c716381f5,
2ba0b2d0-121c-424d-8d25-ca50c8e0576a,ocd-vote/a5a38c48-675e-4dc9-bb67-c06337a2bce8,yes,SEDILLO-LOPEZ,,
eed5c653-8b85-47f8-a42e-89480ad4b933,ocd-vote/a5a38c48-675e-4dc9-bb67-c06337a2bce8,yes,SHENDO,ocd-person/145aba4a-89ba-4c17-b1ec-2f4b568f5048,
648cdff8-409c-40b2-b9b8-b3adcb194566,ocd-vote/a5a38c48-675e-4dc9-bb67-c06337a2bce8,yes,SOULES,ocd-person/33aa9a6b-b106-4216-8ea5-82d85cd2250a,
30e636ae-6af6-493d-9084-c9b585499a56,ocd-vote/a5a38c48-675e-4dc9-bb67-c06337a2bce8,yes,STEFANICS,ocd-person/1ed4e059-94c6-4404-b28e-0dc572112d03,
e965d0e8-b595-42ad-ab99-394ba9acfabc,ocd-vote/a5a38c48-675e-4dc9-bb67-c06337a2bce8,yes,STEINBORN,ocd-person/601202fc-f916-4be1-ae20-8c437293817e,
8cf9ccff-62d9-4b69-9e0f-bcd4a38a0b8e,ocd-vote/a5a38c48-675e-4dc9-bb67-c06337a2bce8,yes,STEWART,ocd-person/f1144347-0a16-43e4-97b9-01308a890631,
9ed09bef-fafb-4817-8350-f4429dc5f289,ocd-vote/a5a38c48-675e-4dc9-bb67-c06337a2bce8,yes,TALLMAN,ocd-person/37cc0bab-0119-4bd6-9794-3d3324cc34de,
1a9ba53c-6620-4a44-8c00-5e882fda09f9,ocd-vote/a5a38c48-675e-4dc9-bb67-c06337a2bce8,yes,WIRTH,ocd-person/7595b557-0c70-44e3-a26b-af533d1ca94d,
2bbfa424-be73-4eee-836d-8e59b257d9de,ocd-vote/a5a38c48-675e-4dc9-bb67-c06337a2bce8,no,BACA,ocd-person/33fb337d-0a2f-4a2c-9018-dcb6760917aa,
5b82e0e7-deae-4550-8211-89bad2dbaed4,ocd-vote/a5a38c48-675e-4dc9-bb67-c06337a2bce8,no,BRANDT,ocd-person/365e015d-5011-4126-8b07-0b0f90a949c7,
03bc4842-6896-481a-ba5f-190c2fcd335c,ocd-vote/a5a38c48-675e-4dc9-bb67-c06337a2bce8,no,BRANTLEY,ocd-person/1ed6a003-54c1-4da3-b297-0cec8ddf4882,
a4a84d5c-ee17-4bce-992b-188d492decf4,ocd-vote/a5a38c48-675e-4dc9-bb67-c06337a2bce8,no,BURT,ocd-person/0ee726a5-7015-46c1-a09d-401c19f7a7cf,
411beb95-3b97-4348-98bc-2a69dc2ffe3d,ocd-vote/a5a38c48-675e-4dc9-bb67-c06337a2bce8,no,GALLEGOS,ocd-person/9d5296b7-b8b1-40c8-a8ce-246f719b8ff0,
0c2c3005-e63d-4824-91c4-e7746b949161,ocd-vote/a5a38c48-675e-4dc9-bb67-c06337a2bce8,no,GRIGGS,ocd-person/87448df9-e44d-421f-ac90-d7cb7f00df79,
6861ac59-3dbc-4938-a488-6b7d93cf242d,ocd-vote/a5a38c48-675e-4dc9-bb67-c06337a2bce8,no,HEMPHILL,,
62e7e94b-7134-49cb-a57d-cec873ed2f84,ocd-vote/a5a38c48-675e-4dc9-bb67-c06337a2bce8,no,McCUTCHEON,ocd-person/180655a2-a251-4b16-8ae9-74f634e650e4,
3f0ade69-0637-4fd4-bac4-97d198265884,ocd-vote/a5a38c48-675e-4dc9-bb67-c06337a2bce8,no,MOORES,ocd-person/0024fecf-b002-4f60-b3ab-57ebb1944de0,
9682b86a-f5bb-4226-822f-467b7429522b,ocd-vote/a5a38c48-675e-4dc9-bb67-c06337a2bce8,no,NEVILLE,ocd-person/b5e67085-d4de-4de1-bf25-00c53ee3ec39,
d53512de-1468-47f7-bdd2-c79a62a9bd18,ocd-vote/a5a38c48-675e-4dc9-bb67-c06337a2bce8,no,NIBERT,ocd-person/79e71401-1fce-49bc-84cf-4e4449a9a696,
05d00f80-e24c-492b-816e-b4cbb9089d2b,ocd-vote/a5a38c48-675e-4dc9-bb67-c06337a2bce8,no,PIRTLE,ocd-person/4be1cfe1-f23c-41c3-a0f1-0e366d32cc1e,
e4073b53-f8dc-444d-8588-141dd9812e1f,ocd-vote/a5a38c48-675e-4dc9-bb67-c06337a2bce8,no,SANCHEZ,ocd-person/82528266-9d6a-4fb3-854e-be9ab6a549b7,
eaa14c36-9779-4db8-8cdc-ebfc1905da83,ocd-vote/a5a38c48-675e-4dc9-bb67-c06337a2bce8,no,SCHMEDES,ocd-person/de331065-d830-4877-a31d-25c6c20784cd,
8ba7dbe6-898c-466a-bd87-a21da2e54d7a,ocd-vote/a5a38c48-675e-4dc9-bb67-c06337a2bce8,no,SHARER,ocd-person/7a7be318-78b1-49c6-bd98-f2b9b7476372,
094752c7-c854-44a4-ad13-2d17778acde1,ocd-vote/a5a38c48-675e-4dc9-bb67-c06337a2bce8,no,WOODS,ocd-person/6a28626b-9919-4d77-9b62-44ad1d45215d,
